action_type,activity_comment,activity_id,activity_properties,assay_chembl_id,assay_description,assay_type,assay_variant_accession,assay_variant_mutation,bao_endpoint,bao_format,bao_label,canonical_smiles,data_validity_comment,data_validity_description,document_chembl_id,document_journal,document_year,ligand_efficiency,molecule_chembl_id,molecule_pref_name,parent_molecule_chembl_id,pchembl_value,potential_duplicate,qudt_units,record_id,relation,src_id,standard_flag,standard_relation,standard_text_value,standard_type,standard_units,standard_upper_value,standard_value,target_chembl_id,target_organism,target_pref_name,target_tax_id,text_value,toid,type,units,uo_units,upper_value,value
,,15091465,[],CHEMBL3383407,Inhibition of human BPTF by BROMOscan assay,B,,,BAO_0000190,BAO_0000357,single protein format,CC(=O)N1c2ccc(-c3ccc(C(=O)O)cc3)cc2[C@H](Nc2ccc(Cl)cc2)C[C@@H]1C,,,CHEMBL3351476,J Med Chem,2014.0,,CHEMBL2177300,,CHEMBL2177300,,0,http://www.openphacts.org/units/Nanomolar,2245344,<,1,1,>,,IC50,nM,,31622.78,CHEMBL3085621,Homo sapiens,Nucleosome-remodeling factor subunit BPTF,9606,,,pIC50,,UO_0000065,,4.5
,,16774680,[],CHEMBL3864407,Displacement of biotinylated ligand from recombinant His-tagged BPTF (unknown origin) measured after 10 mins by TR-FRET assay,B,,,BAO_0000190,BAO_0000357,single protein format,CC(=O)N1CCc2[nH]nc(Nc3ccccc3)c2C1,,,CHEMBL3864133,J Med Chem,2016.0,,CHEMBL3959584,,CHEMBL3959584,,0,http://www.openphacts.org/units/Nanomolar,2804437,>,1,1,>,,IC50,nM,,20000.0,CHEMBL3085621,Homo sapiens,Nucleosome-remodeling factor subunit BPTF,9606,,,IC50,uM,UO_0000065,,20.0
,,16774681,[],CHEMBL3864407,Displacement of biotinylated ligand from recombinant His-tagged BPTF (unknown origin) measured after 10 mins by TR-FRET assay,B,,,BAO_0000190,BAO_0000357,single protein format,CC(=O)N1CCc2c(c(Nc3ccc(-c4cnn(C)c4)cc3F)nn2[C@@H]2CCOC2)C1,,,CHEMBL3864133,J Med Chem,2016.0,,CHEMBL3968533,,CHEMBL3968533,,0,http://www.openphacts.org/units/Nanomolar,2804489,>,1,1,>,,IC50,nM,,20000.0,CHEMBL3085621,Homo sapiens,Nucleosome-remodeling factor subunit BPTF,9606,,,IC50,uM,UO_0000065,,20.0
,,18244210,[],CHEMBL4053075,Inhibition of human His tagged FALZ incubated for 30 mins followed by addition of biotinylated peptide and further incubation for 30 mins measured by AlphaScreen assay,B,,,BAO_0000190,BAO_0000357,single protein format,CCc1cc2cc(NS(=O)(=O)c3ccc(C#N)cc3)ccc2n(CC)c1=O,,,CHEMBL4052588,J Med Chem,2017.0,,CHEMBL4059509,,CHEMBL4059509,,0,http://www.openphacts.org/units/Nanomolar,3027484,>,1,1,>,,IC50,nM,,20000.0,CHEMBL3085621,Homo sapiens,Nucleosome-remodeling factor subunit BPTF,9606,,,IC50,nM,UO_0000065,,20000.0
,,18271028,[],CHEMBL4058607,Displacement of biotinylated histone H3K14 peptide ligand from recombinant His-tagged BPTF (unknown origin) measured after 10 mins by TR-FRET assay,B,,,BAO_0000190,BAO_0000357,single protein format,CNC(=O)N1CCc2c(c(N3CCCc4cc(-c5cnn(C)c5)c(C(F)F)cc43)nn2C2CCOCC2)C1,,,CHEMBL4052814,J Med Chem,2017.0,,CHEMBL4097025,,CHEMBL4097025,,0,http://www.openphacts.org/units/Nanomolar,3032663,>,1,1,>,,IC50,nM,,20000.0,CHEMBL3085621,Homo sapiens,Nucleosome-remodeling factor subunit BPTF,9606,,,IC50,nM,UO_0000065,,20000.0
,,18271029,[],CHEMBL4058607,Displacement of biotinylated histone H3K14 peptide ligand from recombinant His-tagged BPTF (unknown origin) measured after 10 mins by TR-FRET assay,B,,,BAO_0000190,BAO_0000357,single protein format,CC(=O)N1CCc2c(c(N3CCCc4cc(-c5cnn(C)c5)c(C(F)F)cc43)nn2C2CCOCC2)C1,,,CHEMBL4052814,J Med Chem,2017.0,,CHEMBL4076748,,CHEMBL4076748,,0,http://www.openphacts.org/units/Nanomolar,3032654,>,1,1,>,,IC50,nM,,20000.0,CHEMBL3085621,Homo sapiens,Nucleosome-remodeling factor subunit BPTF,9606,,,IC50,nM,UO_0000065,,20000.0
,,18885658,[],CHEMBL4313204,Inhibition of BPTF (unknown origin) by TR-FRET assay,B,,,BAO_0000190,BAO_0000357,single protein format,CC1(C2CC2)NC(=O)N(CC(=O)Nc2ccc(Br)c(S(=O)(=O)N3CCCCC3)c2)C1=O,,,CHEMBL4311956,J Med Chem,2019.0,"{'bei': '8.18', 'le': '0.19', 'lle': '1.92', 'sei': '3.62'}",CHEMBL4583297,,CHEMBL4583297,4.20,0,http://www.openphacts.org/units/Nanomolar,3151221,=,1,1,=,,IC50,nM,,63095.73,CHEMBL3085621,Homo sapiens,Nucleosome-remodeling factor subunit BPTF,9606,,,pIC50,,UO_0000065,,4.2
,,22069085,"[{'comments': None, 'relation': '=', 'result_flag': 0, 'standard_relation': '=', 'standard_text_value': None, 'standard_type': 'Compound concentration', 'standard_units': 'uM', 'standard_value': '20.0', 'text_value': None, 'type': 'Compound concentration', 'units': 'uM', 'value': '20.0'}, {'comments': None, 'relation': '=', 'result_flag': 0, 'standard_relation': '=', 'standard_text_value': None, 'standard_type': 'Protein concentration', 'standard_units': 'uM', 'standard_value': '19.0', 'text_value': None, 'type': 'Protein concentration', 'units': 'uM', 'value': '19.0'}]",CHEMBL4650001,Alphascreen assay. Binding to FALZA (domain start/stop: S2791-H2911) by alphascreen assay,B,,,BAO_0000190,BAO_0000357,single protein format,CCCS(=O)(=O)c1nc(NC2CC2)cc(-c2ccc3c(ccn3C3CC(C)(C)NC(C)(C)C3)c2)n1,,,CHEMBL4649986,Medchemcomm,2016.0,"{'bei': '11.77', 'le': '0.23', 'lle': '0.50', 'sei': '6.56'}",CHEMBL3785432,,CHEMBL3785432,5.83,0,http://www.openphacts.org/units/Nanomolar,3489681,=,55,1,=,,IC50,nM,,1461.0,CHEMBL3085621,Homo sapiens,Nucleosome-remodeling factor subunit BPTF,9606,,,IC50,uM,UO_0000065,,1.461
,,22823590,"[{'comments': None, 'relation': '=', 'result_flag': 0, 'standard_relation': '=', 'standard_text_value': None, 'standard_type': 'TIME', 'standard_units': 'hr', 'standard_value': '1.167', 'text_value': None, 'type': 'Time', 'units': 'min', 'value': '70.0'}]",CHEMBL4717005,Inhibition of BPTF (unknown origin) measured after 70 mins by TR-FRET assay,B,,,BAO_0000190,BAO_0000357,single protein format,Cc1nnc2n1-c1ccc(-c3ccc(N)nc3)cc1N(c1ccc(Cl)cc1)C[C@H]2C,,,CHEMBL4715706,ACS Med Chem Lett,2016.0,,CHEMBL4780530,,CHEMBL4780530,,0,http://www.openphacts.org/units/Nanomolar,3544837,>,1,1,>,,IC50,nM,,15000.0,CHEMBL3085621,Homo sapiens,Nucleosome-remodeling factor subunit BPTF,9606,,,IC50,uM,UO_0000065,,15.0
"{'action_type': 'INHIBITOR', 'description': 'Negatively effects (inhibits) the normal functioning of the protein e.g., prevention of enzymatic reaction or activation of downstream pathway', 'parent_type': 'NEGATIVE MODULATOR'}",,23214775,[],CHEMBL4823109,Inhibition of BPTF (unknown origin) by AlphaScreen assay,B,,,BAO_0000190,BAO_0000357,single protein format,CC1=C(Nc2ccc(S(=O)(=O)N3CCN(C)CC3)cc2F)NC2C=CC(c3cnn(C4CC4)c3)=CN2C1=O,,,CHEMBL4819152,Bioorg Med Chem Lett,2021.0,"{'bei': '13.94', 'le': '0.27', 'lle': '5.21', 'sei': '7.32'}",CHEMBL4873093,,CHEMBL4873093,7.52,0,http://www.openphacts.org/units/Nanomolar,3610584,=,1,1,=,,IC50,nM,,30.0,CHEMBL3085621,Homo sapiens,Nucleosome-remodeling factor subunit BPTF,9606,,,IC50,nM,UO_0000065,,30.0
"{'action_type': 'INHIBITOR', 'description': 'Negatively effects (inhibits) the normal functioning of the protein e.g., prevention of enzymatic reaction or activation of downstream pathway', 'parent_type': 'NEGATIVE MODULATOR'}",,23214776,[],CHEMBL4823109,Inhibition of BPTF (unknown origin) by AlphaScreen assay,B,,,BAO_0000190,BAO_0000357,single protein format,CN(C)CCCOc1ccc(-c2cc(NCCCn3cccn3)nc(S(C)(=O)=O)n2)cc1,,,CHEMBL4819152,Bioorg Med Chem Lett,2021.0,"{'bei': '14.08', 'le': '0.28', 'lle': '3.88', 'sei': '6.31'}",CHEMBL4461619,,CHEMBL4461619,6.46,0,http://www.openphacts.org/units/Nanomolar,3610588,=,1,1,=,,IC50,nM,,350.0,CHEMBL3085621,Homo sapiens,Nucleosome-remodeling factor subunit BPTF,9606,,,IC50,nM,UO_0000065,,350.0
"{'action_type': 'INHIBITOR', 'description': 'Negatively effects (inhibits) the normal functioning of the protein e.g., prevention of enzymatic reaction or activation of downstream pathway', 'parent_type': 'NEGATIVE MODULATOR'}",,23214787,"[{'comments': None, 'relation': '=', 'result_flag': 0, 'standard_relation': '=', 'standard_text_value': None, 'standard_type': 'TIME', 'standard_units': 'hr', 'standard_value': '0.5', 'text_value': None, 'type': 'Time', 'units': 'min', 'value': '30.0'}]",CHEMBL4823117,Inhibition of N-terminal GST-tagged human recombinant BPTF expressed in Escherichia coli BL21-Codonplus (DE3)-RIPL incubated for 30 mins by HTRF assay,B,,,BAO_0000190,BAO_0000019,assay format,CCOc1c(I)cc(C(N)=O)cc1OC,,,CHEMBL4819152,Bioorg Med Chem Lett,2021.0,"{'bei': '15.20', 'le': '0.44', 'lle': '3.08', 'sei': '7.93'}",CHEMBL4846726,,CHEMBL4846726,4.88,0,http://www.openphacts.org/units/Nanomolar,3610587,=,1,1,=,,IC50,nM,,13200.0,CHEMBL3085621,Homo sapiens,Nucleosome-remodeling factor subunit BPTF,9606,,,IC50,uM,UO_0000065,,13.2
"{'action_type': 'INHIBITOR', 'description': 'Negatively effects (inhibits) the normal functioning of the protein e.g., prevention of enzymatic reaction or activation of downstream pathway', 'parent_type': 'NEGATIVE MODULATOR'}",,23214791,[],CHEMBL4823120,Inhibition of BPTF in human HEK293 cells by NanoBRET assay,B,,,BAO_0000190,BAO_0000219,cell-based format,CC1=C(Nc2ccc(S(=O)(=O)N3CCN(C)CC3)cc2F)NC2C=CC(c3cnn(C4CC4)c3)=CN2C1=O,,,CHEMBL4819152,Bioorg Med Chem Lett,2021.0,"{'bei': '14.45', 'le': '0.28', 'lle': '5.49', 'sei': '7.58'}",CHEMBL4873093,,CHEMBL4873093,7.80,0,http://www.openphacts.org/units/Nanomolar,3610584,=,1,1,=,,IC50,nM,,16.0,CHEMBL3085621,Homo sapiens,Nucleosome-remodeling factor subunit BPTF,9606,,,IC50,nM,UO_0000065,,16.0
"{'action_type': 'INHIBITOR', 'description': 'Negatively effects (inhibits) the normal functioning of the protein e.g., prevention of enzymatic reaction or activation of downstream pathway', 'parent_type': 'NEGATIVE MODULATOR'}",,23236651,"[{'comments': None, 'relation': '=', 'result_flag': 0, 'standard_relation': '=', 'standard_text_value': None, 'standard_type': 'TIME', 'standard_units': 'hr', 'standard_value': '0.5', 'text_value': None, 'type': 'Time', 'units': 'min', 'value': '30.0'}]",CHEMBL4828223,Inhibition of HIS9-tagged BPTF (unknown origin) expressed in Escherichia coli BL21 (DE3) cells incubated for 30 mins by AlphaScreen assay,B,,,BAO_0000190,BAO_0000219,cell-based format,CN1C[C@H](Nc2cnn(C)c(=O)c2Br)C[C@H](c2ccccc2)C1,,,CHEMBL4825756,J Med Chem,2021.0,"{'bei': '15.44', 'le': '0.35', 'lle': '3.38', 'sei': '11.61'}",CHEMBL4069412,,CHEMBL4069412,5.82,0,http://www.openphacts.org/units/Nanomolar,3614736,=,1,1,=,,IC50,nM,,1500.0,CHEMBL3085621,Homo sapiens,Nucleosome-remodeling factor subunit BPTF,9606,,,IC50,uM,UO_0000065,,1.5
"{'action_type': 'INHIBITOR', 'description': 'Negatively effects (inhibits) the normal functioning of the protein e.g., prevention of enzymatic reaction or activation of downstream pathway', 'parent_type': 'NEGATIVE MODULATOR'}",,23236652,"[{'comments': None, 'relation': '=', 'result_flag': 0, 'standard_relation': '=', 'standard_text_value': None, 'standard_type': 'TIME', 'standard_units': 'hr', 'standard_value': '0.5', 'text_value': None, 'type': 'Time', 'units': 'min', 'value': '30.0'}]",CHEMBL4828223,Inhibition of HIS9-tagged BPTF (unknown origin) expressed in Escherichia coli BL21 (DE3) cells incubated for 30 mins by AlphaScreen assay,B,,,BAO_0000190,BAO_0000219,cell-based format,Cn1ncc(N[C@@H]2CCNC2)c(Cl)c1=O,,,CHEMBL4825756,J Med Chem,2021.0,"{'bei': '21.86', 'le': '0.46', 'lle': '4.79', 'sei': '8.48'}",CHEMBL4867912,,CHEMBL4867912,5.00,0,http://www.openphacts.org/units/Nanomolar,3614737,=,1,1,=,,IC50,nM,,10000.0,CHEMBL3085621,Homo sapiens,Nucleosome-remodeling factor subunit BPTF,9606,,,IC50,uM,UO_0000065,,10.0
"{'action_type': 'INHIBITOR', 'description': 'Negatively effects (inhibits) the normal functioning of the protein e.g., prevention of enzymatic reaction or activation of downstream pathway', 'parent_type': 'NEGATIVE MODULATOR'}",,23236653,"[{'comments': None, 'relation': '=', 'result_flag': 0, 'standard_relation': '=', 'standard_text_value': None, 'standard_type': 'TIME', 'standard_units': 'hr', 'standard_value': '0.5', 'text_value': None, 'type': 'Time', 'units': 'min', 'value': '30.0'}]",CHEMBL4828223,Inhibition of HIS9-tagged BPTF (unknown origin) expressed in Escherichia coli BL21 (DE3) cells incubated for 30 mins by AlphaScreen assay,B,,,BAO_0000190,BAO_0000219,cell-based format,Cn1ncc(N[C@H]2CCNC2)c(Cl)c1=O,,,CHEMBL4825756,J Med Chem,2021.0,"{'bei': '19.72', 'le': '0.41', 'lle': '4.30', 'sei': '7.65'}",CHEMBL4871852,,CHEMBL4871852,4.51,0,http://www.openphacts.org/units/Nanomolar,3614738,=,1,1,=,,IC50,nM,,31000.0,CHEMBL3085621,Homo sapiens,Nucleosome-remodeling factor subunit BPTF,9606,,,IC50,uM,UO_0000065,,31.0
"{'action_type': 'INHIBITOR', 'description': 'Negatively effects (inhibits) the normal functioning of the protein e.g., prevention of enzymatic reaction or activation of downstream pathway', 'parent_type': 'NEGATIVE MODULATOR'}",,23236654,"[{'comments': None, 'relation': '=', 'result_flag': 0, 'standard_relation': '=', 'standard_text_value': None, 'standard_type': 'TIME', 'standard_units': 'hr', 'standard_value': '0.5', 'text_value': None, 'type': 'Time', 'units': 'min', 'value': '30.0'}]",CHEMBL4828223,Inhibition of HIS9-tagged BPTF (unknown origin) expressed in Escherichia coli BL21 (DE3) cells incubated for 30 mins by AlphaScreen assay,B,,,BAO_0000190,BAO_0000219,cell-based format,CN1CCC[C@@H](Nc2cnn(C)c(=O)c2Cl)C1,,,CHEMBL4825756,J Med Chem,2021.0,"{'bei': '18.39', 'le': '0.38', 'lle': '3.78', 'sei': '9.41'}",CHEMBL4072538,,CHEMBL4072538,4.72,0,http://www.openphacts.org/units/Nanomolar,3614739,=,1,1,=,,IC50,nM,,19000.0,CHEMBL3085621,Homo sapiens,Nucleosome-remodeling factor subunit BPTF,9606,,,IC50,uM,UO_0000065,,19.0
"{'action_type': 'INHIBITOR', 'description': 'Negatively effects (inhibits) the normal functioning of the protein e.g., prevention of enzymatic reaction or activation of downstream pathway', 'parent_type': 'NEGATIVE MODULATOR'}",,23236655,"[{'comments': None, 'relation': '=', 'result_flag': 0, 'standard_relation': '=', 'standard_text_value': None, 'standard_type': 'TIME', 'standard_units': 'hr', 'standard_value': '0.5', 'text_value': None, 'type': 'Time', 'units': 'min', 'value': '30.0'}]",CHEMBL4828223,Inhibition of HIS9-tagged BPTF (unknown origin) expressed in Escherichia coli BL21 (DE3) cells incubated for 30 mins by AlphaScreen assay,B,,,BAO_0000190,BAO_0000219,cell-based format,Cn1ncc(NC2CNC2)c(Cl)c1=O,,,CHEMBL4825756,J Med Chem,2021.0,"{'bei': '23.57', 'le': '0.49', 'lle': '5.24', 'sei': '8.58'}",CHEMBL4853420,,CHEMBL4853420,5.06,0,http://www.openphacts.org/units/Nanomolar,3614740,=,1,1,=,,IC50,nM,,8700.0,CHEMBL3085621,Homo sapiens,Nucleosome-remodeling factor subunit BPTF,9606,,,IC50,uM,UO_0000065,,8.7
"{'action_type': 'INHIBITOR', 'description': 'Negatively effects (inhibits) the normal functioning of the protein e.g., prevention of enzymatic reaction or activation of downstream pathway', 'parent_type': 'NEGATIVE MODULATOR'}",,23236656,"[{'comments': None, 'relation': '=', 'result_flag': 0, 'standard_relation': '=', 'standard_text_value': None, 'standard_type': 'TIME', 'standard_units': 'hr', 'standard_value': '0.5', 'text_value': None, 'type': 'Time', 'units': 'min', 'value': '30.0'}]",CHEMBL4828223,Inhibition of HIS9-tagged BPTF (unknown origin) expressed in Escherichia coli BL21 (DE3) cells incubated for 30 mins by AlphaScreen assay,B,,,BAO_0000190,BAO_0000219,cell-based format,Cn1ncc(NC2CCCCNC2)c(Cl)c1=O,,,CHEMBL4825756,J Med Chem,2021.0,"{'bei': '19.92', 'le': '0.41', 'lle': '4.12', 'sei': '8.67'}",CHEMBL4872107,,CHEMBL4872107,5.11,0,http://www.openphacts.org/units/Nanomolar,3614741,=,1,1,=,,IC50,nM,,7700.0,CHEMBL3085621,Homo sapiens,Nucleosome-remodeling factor subunit BPTF,9606,,,IC50,uM,UO_0000065,,7.7
"{'action_type': 'INHIBITOR', 'description': 'Negatively effects (inhibits) the normal functioning of the protein e.g., prevention of enzymatic reaction or activation of downstream pathway', 'parent_type': 'NEGATIVE MODULATOR'}",,23236657,"[{'comments': None, 'relation': '=', 'result_flag': 0, 'standard_relation': '=', 'standard_text_value': None, 'standard_type': 'TIME', 'standard_units': 'hr', 'standard_value': '0.5', 'text_value': None, 'type': 'Time', 'units': 'min', 'value': '30.0'}]",CHEMBL4828223,Inhibition of HIS9-tagged BPTF (unknown origin) expressed in Escherichia coli BL21 (DE3) cells incubated for 30 mins by AlphaScreen assay,B,,,BAO_0000190,BAO_0000219,cell-based format,Cn1ncc(Nc2ccccc2)c(Cl)c1=O,,,CHEMBL4825756,J Med Chem,2021.0,"{'bei': '25.55', 'le': '0.51', 'lle': '3.84', 'sei': '12.84'}",CHEMBL4065579,,CHEMBL4065579,6.02,0,http://www.openphacts.org/units/Nanomolar,3614742,=,1,1,=,,IC50,nM,,950.0,CHEMBL3085621,Homo sapiens,Nucleosome-remodeling factor subunit BPTF,9606,,,IC50,uM,UO_0000065,,0.95
"{'action_type': 'INHIBITOR', 'description': 'Negatively effects (inhibits) the normal functioning of the protein e.g., prevention of enzymatic reaction or activation of downstream pathway', 'parent_type': 'NEGATIVE MODULATOR'}",,23236658,"[{'comments': None, 'relation': '=', 'result_flag': 0, 'standard_relation': '=', 'standard_text_value': None, 'standard_type': 'TIME', 'standard_units': 'hr', 'standard_value': '0.5', 'text_value': None, 'type': 'Time', 'units': 'min', 'value': '30.0'}]",CHEMBL4828223,Inhibition of HIS9-tagged BPTF (unknown origin) expressed in Escherichia coli BL21 (DE3) cells incubated for 30 mins by AlphaScreen assay,B,,,BAO_0000190,BAO_0000219,cell-based format,Cn1ncc(Nc2ccc(N)cc2)c(Cl)c1=O,,,CHEMBL4825756,J Med Chem,2021.0,"{'bei': '21.92', 'le': '0.44', 'lle': '3.73', 'sei': '7.53'}",CHEMBL4861822,,CHEMBL4861822,5.50,0,http://www.openphacts.org/units/Nanomolar,3614743,=,1,1,=,,IC50,nM,,3200.0,CHEMBL3085621,Homo sapiens,Nucleosome-remodeling factor subunit BPTF,9606,,,IC50,uM,UO_0000065,,3.2
"{'action_type': 'INHIBITOR', 'description': 'Negatively effects (inhibits) the normal functioning of the protein e.g., prevention of enzymatic reaction or activation of downstream pathway', 'parent_type': 'NEGATIVE MODULATOR'}",,23236659,"[{'comments': None, 'relation': '=', 'result_flag': 0, 'standard_relation': '=', 'standard_text_value': None, 'standard_type': 'TIME', 'standard_units': 'hr', 'standard_value': '0.5', 'text_value': None, 'type': 'Time', 'units': 'min', 'value': '30.0'}]",CHEMBL4828223,Inhibition of HIS9-tagged BPTF (unknown origin) expressed in Escherichia coli BL21 (DE3) cells incubated for 30 mins by AlphaScreen assay,B,,,BAO_0000190,BAO_0000219,cell-based format,Cn1ncc(Nc2ccc(F)cc2)c(Cl)c1=O,,,CHEMBL4825756,J Med Chem,2021.0,"{'bei': '24.26', 'le': '0.49', 'lle': '3.83', 'sei': '13.12'}",CHEMBL4850913,,CHEMBL4850913,6.16,0,http://www.openphacts.org/units/Nanomolar,3614744,=,1,1,=,,IC50,nM,,700.0,CHEMBL3085621,Homo sapiens,Nucleosome-remodeling factor subunit BPTF,9606,,,IC50,uM,UO_0000065,,0.7
"{'action_type': 'INHIBITOR', 'description': 'Negatively effects (inhibits) the normal functioning of the protein e.g., prevention of enzymatic reaction or activation of downstream pathway', 'parent_type': 'NEGATIVE MODULATOR'}",,23236660,"[{'comments': None, 'relation': '=', 'result_flag': 0, 'standard_relation': '=', 'standard_text_value': None, 'standard_type': 'TIME', 'standard_units': 'hr', 'standard_value': '0.5', 'text_value': None, 'type': 'Time', 'units': 'min', 'value': '30.0'}]",CHEMBL4828223,Inhibition of HIS9-tagged BPTF (unknown origin) expressed in Escherichia coli BL21 (DE3) cells incubated for 30 mins by AlphaScreen assay,B,,,BAO_0000190,BAO_0000219,cell-based format,Cn1ncc(NCc2cccc(N)c2)c(Cl)c1=O,,,CHEMBL4825756,J Med Chem,2021.0,"{'bei': '18.73', 'le': '0.38', 'lle': '3.33', 'sei': '6.80'}",CHEMBL4857332,,CHEMBL4857332,4.96,0,http://www.openphacts.org/units/Nanomolar,3614745,=,1,1,=,,IC50,nM,,11000.0,CHEMBL3085621,Homo sapiens,Nucleosome-remodeling factor subunit BPTF,9606,,,IC50,uM,UO_0000065,,11.0
"{'action_type': 'INHIBITOR', 'description': 'Negatively effects (inhibits) the normal functioning of the protein e.g., prevention of enzymatic reaction or activation of downstream pathway', 'parent_type': 'NEGATIVE MODULATOR'}",,23236661,"[{'comments': None, 'relation': '=', 'result_flag': 0, 'standard_relation': '=', 'standard_text_value': None, 'standard_type': 'TIME', 'standard_units': 'hr', 'standard_value': '0.5', 'text_value': None, 'type': 'Time', 'units': 'min', 'value': '30.0'}]",CHEMBL4828223,Inhibition of HIS9-tagged BPTF (unknown origin) expressed in Escherichia coli BL21 (DE3) cells incubated for 30 mins by AlphaScreen assay,B,,,BAO_0000190,BAO_0000219,cell-based format,Cn1ncc(Nc2ccc(CN)cc2)c(Cl)c1=O,,,CHEMBL4825756,J Med Chem,2021.0,"{'bei': '24.70', 'le': '0.50', 'lle': '4.90', 'sei': '8.96'}",CHEMBL4866748,,CHEMBL4866748,6.54,0,http://www.openphacts.org/units/Nanomolar,3614746,=,1,1,=,,IC50,nM,,290.0,CHEMBL3085621,Homo sapiens,Nucleosome-remodeling factor subunit BPTF,9606,,,IC50,uM,UO_0000065,,0.29
"{'action_type': 'INHIBITOR', 'description': 'Negatively effects (inhibits) the normal functioning of the protein e.g., prevention of enzymatic reaction or activation of downstream pathway', 'parent_type': 'NEGATIVE MODULATOR'}",,23236662,"[{'comments': None, 'relation': '=', 'result_flag': 0, 'standard_relation': '=', 'standard_text_value': None, 'standard_type': 'TIME', 'standard_units': 'hr', 'standard_value': '0.5', 'text_value': None, 'type': 'Time', 'units': 'min', 'value': '30.0'}]",CHEMBL4828223,Inhibition of HIS9-tagged BPTF (unknown origin) expressed in Escherichia coli BL21 (DE3) cells incubated for 30 mins by AlphaScreen assay,B,,,BAO_0000190,BAO_0000219,cell-based format,CN(C)Cc1ccc(Nc2cnn(C)c(=O)c2Cl)cc1,,,CHEMBL4825756,J Med Chem,2021.0,"{'bei': '22.23', 'le': '0.44', 'lle': '4.27', 'sei': '12.98'}",CHEMBL4870218,,CHEMBL4870218,6.51,0,http://www.openphacts.org/units/Nanomolar,3614747,=,1,1,=,,IC50,nM,,310.0,CHEMBL3085621,Homo sapiens,Nucleosome-remodeling factor subunit BPTF,9606,,,IC50,uM,UO_0000065,,0.31
"{'action_type': 'INHIBITOR', 'description': 'Negatively effects (inhibits) the normal functioning of the protein e.g., prevention of enzymatic reaction or activation of downstream pathway', 'parent_type': 'NEGATIVE MODULATOR'}",,23236663,"[{'comments': None, 'relation': '=', 'result_flag': 0, 'standard_relation': '=', 'standard_text_value': None, 'standard_type': 'TIME', 'standard_units': 'hr', 'standard_value': '0.5', 'text_value': None, 'type': 'Time', 'units': 'min', 'value': '30.0'}]",CHEMBL4828223,Inhibition of HIS9-tagged BPTF (unknown origin) expressed in Escherichia coli BL21 (DE3) cells incubated for 30 mins by AlphaScreen assay,B,,,BAO_0000190,BAO_0000219,cell-based format,Cn1ncc(Nc2ccc3c(c2)CCNC3)c(Cl)c1=O,,,CHEMBL4825756,J Med Chem,2021.0,"{'bei': '22.71', 'le': '0.45', 'lle': '4.78', 'sei': '11.20'}",CHEMBL4850516,,CHEMBL4850516,6.60,0,http://www.openphacts.org/units/Nanomolar,3614748,=,1,1,=,,IC50,nM,,250.0,CHEMBL3085621,Homo sapiens,Nucleosome-remodeling factor subunit BPTF,9606,,,IC50,uM,UO_0000065,,0.25
"{'action_type': 'INHIBITOR', 'description': 'Negatively effects (inhibits) the normal functioning of the protein e.g., prevention of enzymatic reaction or activation of downstream pathway', 'parent_type': 'NEGATIVE MODULATOR'}",,23236664,"[{'comments': None, 'relation': '=', 'result_flag': 0, 'standard_relation': '=', 'standard_text_value': None, 'standard_type': 'TIME', 'standard_units': 'hr', 'standard_value': '0.5', 'text_value': None, 'type': 'Time', 'units': 'min', 'value': '30.0'}]",CHEMBL4828223,Inhibition of HIS9-tagged BPTF (unknown origin) expressed in Escherichia coli BL21 (DE3) cells incubated for 30 mins by AlphaScreen assay,B,,,BAO_0000190,BAO_0000219,cell-based format,Cn1ncc(Nc2ccc3c(c2)CNCC3)c(Cl)c1=O,,,CHEMBL4825756,J Med Chem,2021.0,"{'bei': '22.12', 'le': '0.44', 'lle': '4.61', 'sei': '10.91'}",CHEMBL4848082,,CHEMBL4848082,6.43,0,http://www.openphacts.org/units/Nanomolar,3614749,=,1,1,=,,IC50,nM,,370.0,CHEMBL3085621,Homo sapiens,Nucleosome-remodeling factor subunit BPTF,9606,,,IC50,uM,UO_0000065,,0.37
"{'action_type': 'INHIBITOR', 'description': 'Negatively effects (inhibits) the normal functioning of the protein e.g., prevention of enzymatic reaction or activation of downstream pathway', 'parent_type': 'NEGATIVE MODULATOR'}",,23236665,"[{'comments': None, 'relation': '=', 'result_flag': 0, 'standard_relation': '=', 'standard_text_value': None, 'standard_type': 'TIME', 'standard_units': 'hr', 'standard_value': '0.5', 'text_value': None, 'type': 'Time', 'units': 'min', 'value': '30.0'}]",CHEMBL4828223,Inhibition of HIS9-tagged BPTF (unknown origin) expressed in Escherichia coli BL21 (DE3) cells incubated for 30 mins by AlphaScreen assay,B,,,BAO_0000190,BAO_0000219,cell-based format,Cn1ncc(Nc2ccc3c(c2)CCCC3)c(Cl)c1=O,,,CHEMBL4825756,J Med Chem,2021.0,"{'bei': '18.67', 'le': '0.37', 'lle': '2.35', 'sei': '11.53'}",CHEMBL4858548,,CHEMBL4858548,5.41,0,http://www.openphacts.org/units/Nanomolar,3614750,=,1,1,=,,IC50,nM,,3900.0,CHEMBL3085621,Homo sapiens,Nucleosome-remodeling factor subunit BPTF,9606,,,IC50,uM,UO_0000065,,3.9
"{'action_type': 'INHIBITOR', 'description': 'Negatively effects (inhibits) the normal functioning of the protein e.g., prevention of enzymatic reaction or activation of downstream pathway', 'parent_type': 'NEGATIVE MODULATOR'}",,23236666,"[{'comments': None, 'relation': '=', 'result_flag': 0, 'standard_relation': '=', 'standard_text_value': None, 'standard_type': 'TIME', 'standard_units': 'hr', 'standard_value': '0.5', 'text_value': None, 'type': 'Time', 'units': 'min', 'value': '30.0'}]",CHEMBL4828223,Inhibition of HIS9-tagged BPTF (unknown origin) expressed in Escherichia coli BL21 (DE3) cells incubated for 30 mins by AlphaScreen assay,B,,,BAO_0000190,BAO_0000219,cell-based format,Cn1ncc(Nc2cccc(CN)c2)c(Cl)c1=O,,,CHEMBL4825756,J Med Chem,2021.0,"{'bei': '23.03', 'le': '0.46', 'lle': '4.46', 'sei': '8.36'}",CHEMBL4855881,,CHEMBL4855881,6.10,0,http://www.openphacts.org/units/Nanomolar,3614751,=,1,1,=,,IC50,nM,,800.0,CHEMBL3085621,Homo sapiens,Nucleosome-remodeling factor subunit BPTF,9606,,,IC50,uM,UO_0000065,,0.8
"{'action_type': 'INHIBITOR', 'description': 'Negatively effects (inhibits) the normal functioning of the protein e.g., prevention of enzymatic reaction or activation of downstream pathway', 'parent_type': 'NEGATIVE MODULATOR'}",,23236667,"[{'comments': None, 'relation': '=', 'result_flag': 0, 'standard_relation': '=', 'standard_text_value': None, 'standard_type': 'TIME', 'standard_units': 'hr', 'standard_value': '0.5', 'text_value': None, 'type': 'Time', 'units': 'min', 'value': '30.0'}]",CHEMBL4828223,Inhibition of HIS9-tagged BPTF (unknown origin) expressed in Escherichia coli BL21 (DE3) cells incubated for 30 mins by AlphaScreen assay,B,,,BAO_0000190,BAO_0000219,cell-based format,Cn1ncc(Nc2ccccc2CN)c(Cl)c1=O,,,CHEMBL4825756,J Med Chem,2021.0,"{'bei': '25.15', 'le': '0.51', 'lle': '5.02', 'sei': '9.13'}",CHEMBL4101756,,CHEMBL4101756,6.66,0,http://www.openphacts.org/units/Nanomolar,3614752,=,1,1,=,,IC50,nM,,220.0,CHEMBL3085621,Homo sapiens,Nucleosome-remodeling factor subunit BPTF,9606,,,IC50,uM,UO_0000065,,0.22
"{'action_type': 'INHIBITOR', 'description': 'Negatively effects (inhibits) the normal functioning of the protein e.g., prevention of enzymatic reaction or activation of downstream pathway', 'parent_type': 'NEGATIVE MODULATOR'}",,23236668,"[{'comments': None, 'relation': '=', 'result_flag': 0, 'standard_relation': '=', 'standard_text_value': None, 'standard_type': 'TIME', 'standard_units': 'hr', 'standard_value': '0.5', 'text_value': None, 'type': 'Time', 'units': 'min', 'value': '30.0'}]",CHEMBL4828223,Inhibition of HIS9-tagged BPTF (unknown origin) expressed in Escherichia coli BL21 (DE3) cells incubated for 30 mins by AlphaScreen assay,B,,,BAO_0000190,BAO_0000219,cell-based format,CC(=O)NCc1ccc(Nc2cnn(C)c(=O)c2Cl)cc1,,,CHEMBL4825756,J Med Chem,2021.0,"{'bei': '19.60', 'le': '0.39', 'lle': '4.20', 'sei': '7.91'}",CHEMBL4877118,,CHEMBL4877118,6.01,0,http://www.openphacts.org/units/Nanomolar,3614753,=,1,1,=,,IC50,nM,,970.0,CHEMBL3085621,Homo sapiens,Nucleosome-remodeling factor subunit BPTF,9606,,,IC50,uM,UO_0000065,,0.97
"{'action_type': 'INHIBITOR', 'description': 'Negatively effects (inhibits) the normal functioning of the protein e.g., prevention of enzymatic reaction or activation of downstream pathway', 'parent_type': 'NEGATIVE MODULATOR'}",,23236669,"[{'comments': None, 'relation': '=', 'result_flag': 0, 'standard_relation': '=', 'standard_text_value': None, 'standard_type': 'TIME', 'standard_units': 'hr', 'standard_value': '0.5', 'text_value': None, 'type': 'Time', 'units': 'min', 'value': '30.0'}]",CHEMBL4828223,Inhibition of HIS9-tagged BPTF (unknown origin) expressed in Escherichia coli BL21 (DE3) cells incubated for 30 mins by AlphaScreen assay,B,,,BAO_0000190,BAO_0000219,cell-based format,Cn1ncc(Nc2ccc(CCN)cc2)c(Cl)c1=O,,,CHEMBL4825756,J Med Chem,2021.0,"{'bei': '25.74', 'le': '0.52', 'lle': '5.49', 'sei': '9.84'}",CHEMBL4872300,,CHEMBL4872300,7.17,0,http://www.openphacts.org/units/Nanomolar,3614754,=,1,1,=,,IC50,nM,,67.0,CHEMBL3085621,Homo sapiens,Nucleosome-remodeling factor subunit BPTF,9606,,,IC50,uM,UO_0000065,,0.067
"{'action_type': 'INHIBITOR', 'description': 'Negatively effects (inhibits) the normal functioning of the protein e.g., prevention of enzymatic reaction or activation of downstream pathway', 'parent_type': 'NEGATIVE MODULATOR'}",,23236670,"[{'comments': None, 'relation': '=', 'result_flag': 0, 'standard_relation': '=', 'standard_text_value': None, 'standard_type': 'TIME', 'standard_units': 'hr', 'standard_value': '0.5', 'text_value': None, 'type': 'Time', 'units': 'min', 'value': '30.0'}]",CHEMBL4828223,Inhibition of HIS9-tagged BPTF (unknown origin) expressed in Escherichia coli BL21 (DE3) cells incubated for 30 mins by AlphaScreen assay,B,,,BAO_0000190,BAO_0000219,cell-based format,CN(C)CCc1ccc(Nc2cnn(C)c(=O)c2Cl)cc1,,,CHEMBL4825756,J Med Chem,2021.0,"{'bei': '22.07', 'le': '0.44', 'lle': '4.49', 'sei': '13.50'}",CHEMBL4848138,,CHEMBL4848138,6.77,0,http://www.openphacts.org/units/Nanomolar,3614755,=,1,1,=,,IC50,nM,,170.0,CHEMBL3085621,Homo sapiens,Nucleosome-remodeling factor subunit BPTF,9606,,,IC50,uM,UO_0000065,,0.17
"{'action_type': 'INHIBITOR', 'description': 'Negatively effects (inhibits) the normal functioning of the protein e.g., prevention of enzymatic reaction or activation of downstream pathway', 'parent_type': 'NEGATIVE MODULATOR'}",,23236671,"[{'comments': None, 'relation': '=', 'result_flag': 0, 'standard_relation': '=', 'standard_text_value': None, 'standard_type': 'TIME', 'standard_units': 'hr', 'standard_value': '0.5', 'text_value': None, 'type': 'Time', 'units': 'min', 'value': '30.0'}]",CHEMBL4828223,Inhibition of HIS9-tagged BPTF (unknown origin) expressed in Escherichia coli BL21 (DE3) cells incubated for 30 mins by AlphaScreen assay,B,,,BAO_0000190,BAO_0000219,cell-based format,CN(C)CCNc1c(Cl)cnn(C)c1=O,,,CHEMBL4825756,J Med Chem,2021.0,"{'bei': '21.67', 'le': '0.46', 'lle': '4.59', 'sei': '9.97'}",CHEMBL4849136,,CHEMBL4849136,5.00,0,http://www.openphacts.org/units/Nanomolar,3614756,=,1,1,=,,IC50,nM,,10000.0,CHEMBL3085621,Homo sapiens,Nucleosome-remodeling factor subunit BPTF,9606,,,IC50,uM,UO_0000065,,10.0
"{'action_type': 'INHIBITOR', 'description': 'Negatively effects (inhibits) the normal functioning of the protein e.g., prevention of enzymatic reaction or activation of downstream pathway', 'parent_type': 'NEGATIVE MODULATOR'}",,23236672,"[{'comments': None, 'relation': '=', 'result_flag': 0, 'standard_relation': '=', 'standard_text_value': None, 'standard_type': 'TIME', 'standard_units': 'hr', 'standard_value': '0.5', 'text_value': None, 'type': 'Time', 'units': 'min', 'value': '30.0'}]",CHEMBL4828223,Inhibition of HIS9-tagged BPTF (unknown origin) expressed in Escherichia coli BL21 (DE3) cells incubated for 30 mins by AlphaScreen assay,B,,,BAO_0000190,BAO_0000219,cell-based format,Cn1ncc(Nc2ccc(CCN)cc2)c(Br)c1=O,,,CHEMBL4825756,J Med Chem,2021.0,"{'bei': '23.03', 'le': '0.54', 'lle': '5.65', 'sei': '10.21'}",CHEMBL4861491,,CHEMBL4861491,7.44,0,http://www.openphacts.org/units/Nanomolar,3614757,=,1,1,=,,IC50,nM,,36.0,CHEMBL3085621,Homo sapiens,Nucleosome-remodeling factor subunit BPTF,9606,,,IC50,uM,UO_0000065,,0.036000000000000004
"{'action_type': 'INHIBITOR', 'description': 'Negatively effects (inhibits) the normal functioning of the protein e.g., prevention of enzymatic reaction or activation of downstream pathway', 'parent_type': 'NEGATIVE MODULATOR'}",,23236673,"[{'comments': None, 'relation': '=', 'result_flag': 0, 'standard_relation': '=', 'standard_text_value': None, 'standard_type': 'TIME', 'standard_units': 'hr', 'standard_value': '0.5', 'text_value': None, 'type': 'Time', 'units': 'min', 'value': '30.0'}]",CHEMBL4828223,Inhibition of HIS9-tagged BPTF (unknown origin) expressed in Escherichia coli BL21 (DE3) cells incubated for 30 mins by AlphaScreen assay,B,,,BAO_0000190,BAO_0000219,cell-based format,CN(C)CCCc1ccc(Nc2cnn(C)c(=O)c2Cl)cc1,,,CHEMBL4825756,J Med Chem,2021.0,"{'bei': '22.60', 'le': '0.45', 'lle': '4.58', 'sei': '14.46'}",CHEMBL4848701,,CHEMBL4848701,7.25,0,http://www.openphacts.org/units/Nanomolar,3614758,=,1,1,=,,IC50,nM,,56.0,CHEMBL3085621,Homo sapiens,Nucleosome-remodeling factor subunit BPTF,9606,,,IC50,uM,UO_0000065,,0.055999999999999994
"{'action_type': 'INHIBITOR', 'description': 'Negatively effects (inhibits) the normal functioning of the protein e.g., prevention of enzymatic reaction or activation of downstream pathway', 'parent_type': 'NEGATIVE MODULATOR'}",,23236674,"[{'comments': None, 'relation': '=', 'result_flag': 0, 'standard_relation': '=', 'standard_text_value': None, 'standard_type': 'TIME', 'standard_units': 'hr', 'standard_value': '0.5', 'text_value': None, 'type': 'Time', 'units': 'min', 'value': '30.0'}]",CHEMBL4828223,Inhibition of HIS9-tagged BPTF (unknown origin) expressed in Escherichia coli BL21 (DE3) cells incubated for 30 mins by AlphaScreen assay,B,,,BAO_0000190,BAO_0000219,cell-based format,CCn1ncc(Nc2ccc(CN)cc2)c(Cl)c1=O,,,CHEMBL4825756,J Med Chem,2021.0,"{'bei': '22.46', 'le': '0.45', 'lle': '4.14', 'sei': '8.58'}",CHEMBL4877696,,CHEMBL4877696,6.26,0,http://www.openphacts.org/units/Nanomolar,3614759,=,1,1,=,,IC50,nM,,550.0,CHEMBL3085621,Homo sapiens,Nucleosome-remodeling factor subunit BPTF,9606,,,IC50,uM,UO_0000065,,0.55
"{'action_type': 'INHIBITOR', 'description': 'Negatively effects (inhibits) the normal functioning of the protein e.g., prevention of enzymatic reaction or activation of downstream pathway', 'parent_type': 'NEGATIVE MODULATOR'}",,23236675,"[{'comments': None, 'relation': '=', 'result_flag': 0, 'standard_relation': '=', 'standard_text_value': None, 'standard_type': 'TIME', 'standard_units': 'hr', 'standard_value': '0.5', 'text_value': None, 'type': 'Time', 'units': 'min', 'value': '30.0'}]",CHEMBL4828223,Inhibition of HIS9-tagged BPTF (unknown origin) expressed in Escherichia coli BL21 (DE3) cells incubated for 30 mins by AlphaScreen assay,B,,,BAO_0000190,BAO_0000219,cell-based format,N#CCn1ncc(Nc2ccc(CN)cc2)c(Cl)c1=O,,,CHEMBL4825756,J Med Chem,2021.0,"{'bei': '22.16', 'le': '0.44', 'lle': '4.80', 'sei': '6.64'}",CHEMBL4863631,,CHEMBL4863631,6.42,0,http://www.openphacts.org/units/Nanomolar,3614760,=,1,1,=,,IC50,nM,,380.0,CHEMBL3085621,Homo sapiens,Nucleosome-remodeling factor subunit BPTF,9606,,,IC50,uM,UO_0000065,,0.38
"{'action_type': 'INHIBITOR', 'description': 'Negatively effects (inhibits) the normal functioning of the protein e.g., prevention of enzymatic reaction or activation of downstream pathway', 'parent_type': 'NEGATIVE MODULATOR'}",,23236676,"[{'comments': None, 'relation': '=', 'result_flag': 0, 'standard_relation': '=', 'standard_text_value': None, 'standard_type': 'TIME', 'standard_units': 'hr', 'standard_value': '0.5', 'text_value': None, 'type': 'Time', 'units': 'min', 'value': '30.0'}]",CHEMBL4828223,Inhibition of HIS9-tagged BPTF (unknown origin) expressed in Escherichia coli BL21 (DE3) cells incubated for 30 mins by AlphaScreen assay,B,,,BAO_0000190,BAO_0000219,cell-based format,CC(C)n1ncc(Nc2ccc(CN)cc2)c(Cl)c1=O,,,CHEMBL4825756,J Med Chem,2021.0,"{'bei': '20.84', 'le': '0.42', 'lle': '3.42', 'sei': '8.37'}",CHEMBL4863529,,CHEMBL4863529,6.10,0,http://www.openphacts.org/units/Nanomolar,3614761,=,1,1,=,,IC50,nM,,790.0,CHEMBL3085621,Homo sapiens,Nucleosome-remodeling factor subunit BPTF,9606,,,IC50,uM,UO_0000065,,0.79
"{'action_type': 'INHIBITOR', 'description': 'Negatively effects (inhibits) the normal functioning of the protein e.g., prevention of enzymatic reaction or activation of downstream pathway', 'parent_type': 'NEGATIVE MODULATOR'}",,23246151,[],CHEMBL4829967,Inhibition of N-terminal GST-tagged human BPTF (2914 to 3037 residues) expressed in Escherichia coli BL21-CodonPlus (DE3) cells by HTRF assay,B,,,BAO_0000190,BAO_0000219,cell-based format,CNc1cc(-c2ccccc2)nc(S(C)(=O)=O)n1,,,CHEMBL4828734,J Med Chem,2021.0,"{'bei': '19.40', 'le': '0.39', 'lle': '3.52', 'sei': '7.10'}",CHEMBL4863800,,CHEMBL4863800,5.11,0,http://www.openphacts.org/units/Nanomolar,3616073,=,1,1,=,,IC50,nM,,7800.0,CHEMBL3085621,Homo sapiens,Nucleosome-remodeling factor subunit BPTF,9606,,,IC50,nM,UO_0000065,,7800.0
"{'action_type': 'INHIBITOR', 'description': 'Negatively effects (inhibits) the normal functioning of the protein e.g., prevention of enzymatic reaction or activation of downstream pathway', 'parent_type': 'NEGATIVE MODULATOR'}",,23246152,[],CHEMBL4829967,Inhibition of N-terminal GST-tagged human BPTF (2914 to 3037 residues) expressed in Escherichia coli BL21-CodonPlus (DE3) cells by HTRF assay,B,,,BAO_0000190,BAO_0000219,cell-based format,CNc1cc(-c2cccc3ncccc23)nc(S(C)(=O)=O)n1,,,CHEMBL4828734,J Med Chem,2021.0,"{'bei': '18.35', 'le': '0.36', 'lle': '3.63', 'sei': '6.80'}",CHEMBL4872350,,CHEMBL4872350,5.77,0,http://www.openphacts.org/units/Nanomolar,3616074,=,1,1,=,,IC50,nM,,1700.0,CHEMBL3085621,Homo sapiens,Nucleosome-remodeling factor subunit BPTF,9606,,,IC50,nM,UO_0000065,,1700.0
"{'action_type': 'INHIBITOR', 'description': 'Negatively effects (inhibits) the normal functioning of the protein e.g., prevention of enzymatic reaction or activation of downstream pathway', 'parent_type': 'NEGATIVE MODULATOR'}",,23246153,[],CHEMBL4829967,Inhibition of N-terminal GST-tagged human BPTF (2914 to 3037 residues) expressed in Escherichia coli BL21-CodonPlus (DE3) cells by HTRF assay,B,,,BAO_0000190,BAO_0000219,cell-based format,CNc1cc(-c2ccc3[nH]ccc3c2)nc(S(C)(=O)=O)n1,,,CHEMBL4828734,J Med Chem,2021.0,"{'bei': '20.36', 'le': '0.40', 'lle': '4.09', 'sei': '7.02'}",CHEMBL4861375,,CHEMBL4861375,6.16,0,http://www.openphacts.org/units/Nanomolar,3616075,=,1,1,=,,IC50,nM,,698.3,CHEMBL3085621,Homo sapiens,Nucleosome-remodeling factor subunit BPTF,9606,,,IC50,nM,UO_0000065,,698.3
"{'action_type': 'INHIBITOR', 'description': 'Negatively effects (inhibits) the normal functioning of the protein e.g., prevention of enzymatic reaction or activation of downstream pathway', 'parent_type': 'NEGATIVE MODULATOR'}",,23246154,[],CHEMBL4829967,Inhibition of N-terminal GST-tagged human BPTF (2914 to 3037 residues) expressed in Escherichia coli BL21-CodonPlus (DE3) cells by HTRF assay,B,,,BAO_0000190,BAO_0000219,cell-based format,CNc1cc(-c2ccc3c(ccn3CCCN(C)C)c2)nc(S(C)(=O)=O)n1,,,CHEMBL4828734,J Med Chem,2021.0,"{'bei': '19.32', 'le': '0.38', 'lle': '4.99', 'sei': '9.34'}",CHEMBL4867072,,CHEMBL4867072,7.49,0,http://www.openphacts.org/units/Nanomolar,3616076,=,1,1,=,,IC50,nM,,32.7,CHEMBL3085621,Homo sapiens,Nucleosome-remodeling factor subunit BPTF,9606,,,IC50,nM,UO_0000065,,32.7
"{'action_type': 'INHIBITOR', 'description': 'Negatively effects (inhibits) the normal functioning of the protein e.g., prevention of enzymatic reaction or activation of downstream pathway', 'parent_type': 'NEGATIVE MODULATOR'}",,23246155,[],CHEMBL4829967,Inhibition of N-terminal GST-tagged human BPTF (2914 to 3037 residues) expressed in Escherichia coli BL21-CodonPlus (DE3) cells by HTRF assay,B,,,BAO_0000190,BAO_0000219,cell-based format,CNc1cc(-c2ccc3c(ccn3CCN(C)C)c2)nc(S(C)(=O)=O)n1,,,CHEMBL4828734,J Med Chem,2021.0,"{'bei': '19.90', 'le': '0.39', 'lle': '5.32', 'sei': '9.28'}",CHEMBL4868713,,CHEMBL4868713,7.43,0,http://www.openphacts.org/units/Nanomolar,3616077,=,1,1,=,,IC50,nM,,36.9,CHEMBL3085621,Homo sapiens,Nucleosome-remodeling factor subunit BPTF,9606,,,IC50,nM,UO_0000065,,36.9
"{'action_type': 'INHIBITOR', 'description': 'Negatively effects (inhibits) the normal functioning of the protein e.g., prevention of enzymatic reaction or activation of downstream pathway', 'parent_type': 'NEGATIVE MODULATOR'}",,23246156,[],CHEMBL4829967,Inhibition of N-terminal GST-tagged human BPTF (2914 to 3037 residues) expressed in Escherichia coli BL21-CodonPlus (DE3) cells by HTRF assay,B,,,BAO_0000190,BAO_0000219,cell-based format,CCNc1cc(-c2ccc3c(ccn3CCCN(C)C)c2)nc(S(C)(=O)=O)n1,,,CHEMBL4828734,J Med Chem,2021.0,"{'bei': '18.78', 'le': '0.37', 'lle': '4.65', 'sei': '9.41'}",CHEMBL4870170,,CHEMBL4870170,7.54,0,http://www.openphacts.org/units/Nanomolar,3616078,=,1,1,=,,IC50,nM,,28.8,CHEMBL3085621,Homo sapiens,Nucleosome-remodeling factor subunit BPTF,9606,,,IC50,nM,UO_0000065,,28.8
"{'action_type': 'INHIBITOR', 'description': 'Negatively effects (inhibits) the normal functioning of the protein e.g., prevention of enzymatic reaction or activation of downstream pathway', 'parent_type': 'NEGATIVE MODULATOR'}",,23246157,[],CHEMBL4829967,Inhibition of N-terminal GST-tagged human BPTF (2914 to 3037 residues) expressed in Escherichia coli BL21-CodonPlus (DE3) cells by HTRF assay,B,,,BAO_0000190,BAO_0000219,cell-based format,CCCNc1cc(-c2ccc3c(ccn3CCCN(C)C)c2)nc(S(C)(=O)=O)n1,,,CHEMBL4828734,J Med Chem,2021.0,"{'bei': '18.76', 'le': '0.37', 'lle': '4.52', 'sei': '9.73'}",CHEMBL4860578,,CHEMBL4860578,7.80,0,http://www.openphacts.org/units/Nanomolar,3616079,=,1,1,=,,IC50,nM,,16.0,CHEMBL3085621,Homo sapiens,Nucleosome-remodeling factor subunit BPTF,9606,,,IC50,nM,UO_0000065,,16.0
"{'action_type': 'INHIBITOR', 'description': 'Negatively effects (inhibits) the normal functioning of the protein e.g., prevention of enzymatic reaction or activation of downstream pathway', 'parent_type': 'NEGATIVE MODULATOR'}",,23246158,[],CHEMBL4829967,Inhibition of N-terminal GST-tagged human BPTF (2914 to 3037 residues) expressed in Escherichia coli BL21-CodonPlus (DE3) cells by HTRF assay,B,,,BAO_0000190,BAO_0000219,cell-based format,CCCCNc1cc(-c2ccc3c(ccn3CCCN(C)C)c2)nc(S(C)(=O)=O)n1,,,CHEMBL4828734,J Med Chem,2021.0,"{'bei': '16.16', 'le': '0.32', 'lle': '3.27', 'sei': '8.67'}",CHEMBL4852588,,CHEMBL4852588,6.94,0,http://www.openphacts.org/units/Nanomolar,3616080,=,1,1,=,,IC50,nM,,113.8,CHEMBL3085621,Homo sapiens,Nucleosome-remodeling factor subunit BPTF,9606,,,IC50,nM,UO_0000065,,113.8
"{'action_type': 'INHIBITOR', 'description': 'Negatively effects (inhibits) the normal functioning of the protein e.g., prevention of enzymatic reaction or activation of downstream pathway', 'parent_type': 'NEGATIVE MODULATOR'}",,23246159,[],CHEMBL4829967,Inhibition of N-terminal GST-tagged human BPTF (2914 to 3037 residues) expressed in Escherichia coli BL21-CodonPlus (DE3) cells by HTRF assay,B,,,BAO_0000190,BAO_0000219,cell-based format,CCC(C)Nc1cc(-c2ccc3c(ccn3CCCN(C)C)c2)nc(S(C)(=O)=O)n1,,,CHEMBL4828734,J Med Chem,2021.0,"{'bei': '15.23', 'le': '0.30', 'lle': '2.88', 'sei': '8.16'}",CHEMBL4863921,,CHEMBL4863921,6.54,0,http://www.openphacts.org/units/Nanomolar,3616081,=,1,1,=,,IC50,nM,,287.6,CHEMBL3085621,Homo sapiens,Nucleosome-remodeling factor subunit BPTF,9606,,,IC50,nM,UO_0000065,,287.6
"{'action_type': 'INHIBITOR', 'description': 'Negatively effects (inhibits) the normal functioning of the protein e.g., prevention of enzymatic reaction or activation of downstream pathway', 'parent_type': 'NEGATIVE MODULATOR'}",,23246160,[],CHEMBL4829967,Inhibition of N-terminal GST-tagged human BPTF (2914 to 3037 residues) expressed in Escherichia coli BL21-CodonPlus (DE3) cells by HTRF assay,B,,,BAO_0000190,BAO_0000219,cell-based format,CN(C)CCCn1ccc2cc(-c3cc(N(C)C)nc(S(C)(=O)=O)n3)ccc21,,,CHEMBL4828734,J Med Chem,2021.0,"{'bei': '12.04', 'le': '0.24', 'lle': '2.31', 'sei': '6.78'}",CHEMBL4875586,,CHEMBL4875586,4.83,0,http://www.openphacts.org/units/Nanomolar,3616082,=,1,1,=,,IC50,nM,,14700.0,CHEMBL3085621,Homo sapiens,Nucleosome-remodeling factor subunit BPTF,9606,,,IC50,nM,UO_0000065,,14700.0
"{'action_type': 'INHIBITOR', 'description': 'Negatively effects (inhibits) the normal functioning of the protein e.g., prevention of enzymatic reaction or activation of downstream pathway', 'parent_type': 'NEGATIVE MODULATOR'}",,23246161,[],CHEMBL4829967,Inhibition of N-terminal GST-tagged human BPTF (2914 to 3037 residues) expressed in Escherichia coli BL21-CodonPlus (DE3) cells by HTRF assay,B,,,BAO_0000190,BAO_0000219,cell-based format,CN(C)CCCn1ccc2cc(-c3nc(S(C)(=O)=O)nc4[nH]ccc34)ccc21,,,CHEMBL4828734,J Med Chem,2021.0,"{'bei': '19.04', 'le': '0.37', 'lle': '4.64', 'sei': '9.03'}",CHEMBL4873042,,CHEMBL4873042,7.57,0,http://www.openphacts.org/units/Nanomolar,3616083,=,1,1,=,,IC50,nM,,26.9,CHEMBL3085621,Homo sapiens,Nucleosome-remodeling factor subunit BPTF,9606,,,IC50,nM,UO_0000065,,26.9
"{'action_type': 'INHIBITOR', 'description': 'Negatively effects (inhibits) the normal functioning of the protein e.g., prevention of enzymatic reaction or activation of downstream pathway', 'parent_type': 'NEGATIVE MODULATOR'}",,23246162,[],CHEMBL4829967,Inhibition of N-terminal GST-tagged human BPTF (2914 to 3037 residues) expressed in Escherichia coli BL21-CodonPlus (DE3) cells by HTRF assay,B,,,BAO_0000190,BAO_0000219,cell-based format,CNc1cc(-c2ccc3c(ccn3CCCN(C)C)c2)nc([S+](C)[O-])n1,,,CHEMBL4828734,J Med Chem,2021.0,"{'bei': '19.45', 'le': '0.38', 'lle': '4.40', 'sei': '10.47'}",CHEMBL4851594,,CHEMBL4851594,7.23,0,http://www.openphacts.org/units/Nanomolar,3616084,=,1,1,=,,IC50,nM,,59.3,CHEMBL3085621,Homo sapiens,Nucleosome-remodeling factor subunit BPTF,9606,,,IC50,nM,UO_0000065,,59.3
"{'action_type': 'INHIBITOR', 'description': 'Negatively effects (inhibits) the normal functioning of the protein e.g., prevention of enzymatic reaction or activation of downstream pathway', 'parent_type': 'NEGATIVE MODULATOR'}",,23246163,[],CHEMBL4829967,Inhibition of N-terminal GST-tagged human BPTF (2914 to 3037 residues) expressed in Escherichia coli BL21-CodonPlus (DE3) cells by HTRF assay,B,,,BAO_0000190,BAO_0000219,cell-based format,CCCNc1cc(-c2ccc3c(ccn3CCCN(C)C)c2)nc([S+](C)[O-])n1,,,CHEMBL4828734,J Med Chem,2021.0,"{'bei': '17.11', 'le': '0.33', 'lle': '3.23', 'sei': '9.90'}",CHEMBL4853486,,CHEMBL4853486,6.84,0,http://www.openphacts.org/units/Nanomolar,3616085,=,1,1,=,,IC50,nM,,145.4,CHEMBL3085621,Homo sapiens,Nucleosome-remodeling factor subunit BPTF,9606,,,IC50,nM,UO_0000065,,145.4
"{'action_type': 'INHIBITOR', 'description': 'Negatively effects (inhibits) the normal functioning of the protein e.g., prevention of enzymatic reaction or activation of downstream pathway', 'parent_type': 'NEGATIVE MODULATOR'}",,23246164,[],CHEMBL4829967,Inhibition of N-terminal GST-tagged human BPTF (2914 to 3037 residues) expressed in Escherichia coli BL21-CodonPlus (DE3) cells by HTRF assay,B,,,BAO_0000190,BAO_0000219,cell-based format,CNc1cc(-c2ccc3ccn(CCCN(C)C)c3c2)nc(S(C)(=O)=O)n1,,,CHEMBL4828734,J Med Chem,2021.0,"{'bei': '14.65', 'le': '0.29', 'lle': '3.18', 'sei': '7.09'}",CHEMBL4872974,,CHEMBL4872974,5.68,0,http://www.openphacts.org/units/Nanomolar,3616086,=,1,1,=,,IC50,nM,,2100.0,CHEMBL3085621,Homo sapiens,Nucleosome-remodeling factor subunit BPTF,9606,,,IC50,nM,UO_0000065,,2100.0
"{'action_type': 'INHIBITOR', 'description': 'Negatively effects (inhibits) the normal functioning of the protein e.g., prevention of enzymatic reaction or activation of downstream pathway', 'parent_type': 'NEGATIVE MODULATOR'}",,23246165,[],CHEMBL4829967,Inhibition of N-terminal GST-tagged human BPTF (2914 to 3037 residues) expressed in Escherichia coli BL21-CodonPlus (DE3) cells by HTRF assay,B,,,BAO_0000190,BAO_0000219,cell-based format,CCCNc1cc(-c2cc(OC)c3c(ccn3CCCN(C)C)c2)nc(S(C)(=O)=O)n1,,,CHEMBL4828734,J Med Chem,2021.0,"{'bei': '16.15', 'le': '0.32', 'lle': '3.92', 'sei': '8.05'}",CHEMBL4862619,,CHEMBL4862619,7.20,0,http://www.openphacts.org/units/Nanomolar,3616087,=,1,1,=,,IC50,nM,,63.8,CHEMBL3085621,Homo sapiens,Nucleosome-remodeling factor subunit BPTF,9606,,,IC50,nM,UO_0000065,,63.8
"{'action_type': 'INHIBITOR', 'description': 'Negatively effects (inhibits) the normal functioning of the protein e.g., prevention of enzymatic reaction or activation of downstream pathway', 'parent_type': 'NEGATIVE MODULATOR'}",,23246166,[],CHEMBL4829967,Inhibition of N-terminal GST-tagged human BPTF (2914 to 3037 residues) expressed in Escherichia coli BL21-CodonPlus (DE3) cells by HTRF assay,B,,,BAO_0000190,BAO_0000219,cell-based format,CCCNc1cc(-c2ccc3c(c2)c(C)cn3CCCN(C)C)nc(S(C)(=O)=O)n1,,,CHEMBL4828734,J Med Chem,2021.0,"{'bei': '16.83', 'le': '0.33', 'lle': '3.65', 'sei': '9.03'}",CHEMBL4866637,,CHEMBL4866637,7.23,0,http://www.openphacts.org/units/Nanomolar,3616088,=,1,1,=,,IC50,nM,,58.6,CHEMBL3085621,Homo sapiens,Nucleosome-remodeling factor subunit BPTF,9606,,,IC50,nM,UO_0000065,,58.6
"{'action_type': 'INHIBITOR', 'description': 'Negatively effects (inhibits) the normal functioning of the protein e.g., prevention of enzymatic reaction or activation of downstream pathway', 'parent_type': 'NEGATIVE MODULATOR'}",,23246167,[],CHEMBL4829967,Inhibition of N-terminal GST-tagged human BPTF (2914 to 3037 residues) expressed in Escherichia coli BL21-CodonPlus (DE3) cells by HTRF assay,B,,,BAO_0000190,BAO_0000219,cell-based format,Cc1cn(CCCN(C)C)c2ccc(-c3nc(S(C)(=O)=O)nc4[nH]ccc34)cc12,,,CHEMBL4828734,J Med Chem,2021.0,"{'bei': '16.53', 'le': '0.32', 'lle': '3.56', 'sei': '8.11'}",CHEMBL4861221,,CHEMBL4861221,6.80,0,http://www.openphacts.org/units/Nanomolar,3616089,=,1,1,=,,IC50,nM,,157.3,CHEMBL3085621,Homo sapiens,Nucleosome-remodeling factor subunit BPTF,9606,,,IC50,nM,UO_0000065,,157.3
,,24930933,[],CHEMBL5209668,Cellular target engagement assay with: BPTFBRD,B,,,BAO_0000190,BAO_0000219,cell-based format,COc1cc(-c2cn(C)c(=O)c(C)c2C)ccc1C1(N2CCN(C)CC2)CC1,,,CHEMBL4632348,,,"{'bei': '18.97', 'le': '0.35', 'lle': '4.33', 'sei': '19.19'}",CHEMBL5209881,,CHEMBL5209881,7.24,0,http://www.openphacts.org/units/Nanomolar,3897108,=,55,1,=,,IC50,nM,,58.0,CHEMBL3085621,Homo sapiens,Nucleosome-remodeling factor subunit BPTF,9606,,,IC50,nM,UO_0000065,,58.0
,,24953901,"[{'comments': None, 'relation': None, 'result_flag': 0, 'standard_relation': None, 'standard_text_value': 'https://www.thesgc.org/chemical-probes/NVS-BPTF-1', 'standard_type': 'Affinity On-target Cellular Source Knowledge', 'standard_units': None, 'standard_value': None, 'text_value': 'https://www.thesgc.org/chemical-probes/NVS-BPTF-1', 'type': 'Affinity On-target Cellular Source Knowledge', 'units': None, 'value': None}]",CHEMBL5210247,Affinity On-target Cellular interaction (NanoBRET assay (HEK293T cells)) EUB0000253b BPTF,B,,,BAO_0000190,BAO_0000019,assay format,Cc1c(Nc2ccc(S(=O)(=O)N3CCN(C)CC3)cc2F)nc2ccc(-c3cnn(C4CC4)c3)cn2c1=O,,,CHEMBL5210121,,2023.0,"{'bei': '14.50', 'le': '0.28', 'lle': '4.78', 'sei': '7.44'}",CHEMBL4780673,,CHEMBL4780673,7.80,0,http://www.openphacts.org/units/Nanomolar,3897745,=,65,1,=,,IC50,nM,,16.0,CHEMBL3085621,Homo sapiens,Nucleosome-remodeling factor subunit BPTF,9606,,,IC50,nM,UO_0000065,,16.0
,,24953902,"[{'comments': None, 'relation': None, 'result_flag': 0, 'standard_relation': None, 'standard_text_value': 'https://www.thesgc.org/chemical-probes/NVS-BPTF-1', 'standard_type': 'Affinity On-target Cellular Source Knowledge', 'standard_units': None, 'standard_value': None, 'text_value': 'https://www.thesgc.org/chemical-probes/NVS-BPTF-1', 'type': 'Affinity On-target Cellular Source Knowledge', 'units': None, 'value': None}]",CHEMBL5210248,Affinity On-target Cellular interaction (NanoBRET assay (HEK293T cells)) EUB0000254b BPTF,B,,,BAO_0000190,BAO_0000019,assay format,Cc1c(Nc2ccc(S(=O)(=O)N3CCN(C)CC3)cc2F)nc2ccc(Nc3cnn(C4CC4)c3)cn2c1=O,,,CHEMBL5210121,,2023.0,,CHEMBL4758581,,CHEMBL4758581,,0,http://www.openphacts.org/units/Nanomolar,3897746,>,65,1,>,,IC50,nM,,10000.0,CHEMBL3085621,Homo sapiens,Nucleosome-remodeling factor subunit BPTF,9606,,,IC50,nM,UO_0000065,,10000.0
,,24957350,"[{'comments': None, 'relation': None, 'result_flag': 0, 'standard_relation': None, 'standard_text_value': 'In vitro', 'standard_type': 'Selectivity Remarks', 'standard_units': None, 'standard_value': None, 'text_value': 'In vitro', 'type': 'Selectivity Remarks', 'units': None, 'value': None}, {'comments': None, 'relation': None, 'result_flag': 0, 'standard_relation': None, 'standard_text_value': 'https://pubmed.ncbi.nlm.nih.gov/34146702/', 'standard_type': 'Selectivity Source Knowledge', 'standard_units': None, 'standard_value': None, 'text_value': 'https://pubmed.ncbi.nlm.nih.gov/34146702/', 'type': 'Selectivity Source Knowledge', 'units': None, 'value': None}]",CHEMBL5214204,Selectivity interaction (AlphaScreen) EUB0000253b BPTF,B,,,BAO_0000190,BAO_0000357,single protein format,Cc1c(Nc2ccc(S(=O)(=O)N3CCN(C)CC3)cc2F)nc2ccc(-c3cnn(C4CC4)c3)cn2c1=O,,,CHEMBL5212743,,2023.0,"{'bei': '13.99', 'le': '0.27', 'lle': '4.50', 'sei': '7.18'}",CHEMBL4780673,,CHEMBL4780673,7.52,0,http://www.openphacts.org/units/Nanomolar,3898417,=,65,1,=,,IC50,nM,,30.0,CHEMBL3085621,Homo sapiens,Nucleosome-remodeling factor subunit BPTF,9606,,,IC50,nM,UO_0000065,,30.0
"{'action_type': 'INHIBITOR', 'description': 'Negatively effects (inhibits) the normal functioning of the protein e.g., prevention of enzymatic reaction or activation of downstream pathway', 'parent_type': 'NEGATIVE MODULATOR'}",,25649969,"[{'comments': None, 'relation': '=', 'result_flag': 0, 'standard_relation': '=', 'standard_text_value': None, 'standard_type': 'TIME', 'standard_units': 'hr', 'standard_value': '1.0', 'text_value': None, 'type': 'TIME', 'units': 'hrs', 'value': '1.0'}]",CHEMBL5370484,Inhibition of biotinylated-H3K4me2 binding to N-terminal His9 tagged human BPTF isoform 2 PHD (2722 to 2781 residues) expressed in Escherichia coli BL21 Star (DE3) measured after 1 hr by Alphascreen assay,B,,,BAO_0000190,BAO_0000019,assay format,Clc1ccc(N2CCNCC2)nn1,,,CHEMBL5365551,ACS Med Chem Lett,2023.0,"{'bei': '15.73', 'le': '0.33', 'lle': '2.58', 'sei': '7.61'}",CHEMBL127023,,CHEMBL127023,3.12,0,http://www.openphacts.org/units/Nanomolar,3996199,=,1,1,=,,IC50,nM,,750000.0,CHEMBL3085621,Homo sapiens,Nucleosome-remodeling factor subunit BPTF,9606,,,IC50,uM,UO_0000065,,750.0
"{'action_type': 'INHIBITOR', 'description': 'Negatively effects (inhibits) the normal functioning of the protein e.g., prevention of enzymatic reaction or activation of downstream pathway', 'parent_type': 'NEGATIVE MODULATOR'}",,25649970,"[{'comments': None, 'relation': '=', 'result_flag': 0, 'standard_relation': '=', 'standard_text_value': None, 'standard_type': 'TIME', 'standard_units': 'hr', 'standard_value': '1.0', 'text_value': None, 'type': 'TIME', 'units': 'hrs', 'value': '1.0'}]",CHEMBL5370484,Inhibition of biotinylated-H3K4me2 binding to N-terminal His9 tagged human BPTF isoform 2 PHD (2722 to 2781 residues) expressed in Escherichia coli BL21 Star (DE3) measured after 1 hr by Alphascreen assay,B,,,BAO_0000190,BAO_0000019,assay format,NCC1CCN(c2cccc(F)c2)C1,Outside typical range,"Values for this activity type are unusually large/small, so may not be accurate",CHEMBL5365551,ACS Med Chem Lett,2023.0,,CHEMBL5400051,,CHEMBL5400051,,0,http://www.openphacts.org/units/Nanomolar,3996177,=,1,1,=,,IC50,nM,,380000.0,CHEMBL3085621,Homo sapiens,Nucleosome-remodeling factor subunit BPTF,9606,,,IC50,uM,UO_0000065,,380.0
"{'action_type': 'INHIBITOR', 'description': 'Negatively effects (inhibits) the normal functioning of the protein e.g., prevention of enzymatic reaction or activation of downstream pathway', 'parent_type': 'NEGATIVE MODULATOR'}",,25649971,"[{'comments': None, 'relation': '=', 'result_flag': 0, 'standard_relation': '=', 'standard_text_value': None, 'standard_type': 'TIME', 'standard_units': 'hr', 'standard_value': '1.0', 'text_value': None, 'type': 'TIME', 'units': 'hrs', 'value': '1.0'}]",CHEMBL5370484,Inhibition of biotinylated-H3K4me2 binding to N-terminal His9 tagged human BPTF isoform 2 PHD (2722 to 2781 residues) expressed in Escherichia coli BL21 Star (DE3) measured after 1 hr by Alphascreen assay,B,,,BAO_0000190,BAO_0000019,assay format,Cc1ccc(Nc2ccc(N3CCNCC3)nn2)cc1,Outside typical range,"Values for this activity type are unusually large/small, so may not be accurate",CHEMBL5365551,ACS Med Chem Lett,2023.0,,CHEMBL5414828,,CHEMBL5414828,,0,http://www.openphacts.org/units/Nanomolar,3996178,=,1,1,=,,IC50,nM,,300000.0,CHEMBL3085621,Homo sapiens,Nucleosome-remodeling factor subunit BPTF,9606,,,IC50,uM,UO_0000065,,300.0
"{'action_type': 'INHIBITOR', 'description': 'Negatively effects (inhibits) the normal functioning of the protein e.g., prevention of enzymatic reaction or activation of downstream pathway', 'parent_type': 'NEGATIVE MODULATOR'}",,25649972,"[{'comments': None, 'relation': '=', 'result_flag': 0, 'standard_relation': '=', 'standard_text_value': None, 'standard_type': 'TIME', 'standard_units': 'hr', 'standard_value': '1.0', 'text_value': None, 'type': 'TIME', 'units': 'hrs', 'value': '1.0'}]",CHEMBL5370484,Inhibition of biotinylated-H3K4me2 binding to N-terminal His9 tagged human BPTF isoform 2 PHD (2722 to 2781 residues) expressed in Escherichia coli BL21 Star (DE3) measured after 1 hr by Alphascreen assay,B,,,BAO_0000190,BAO_0000019,assay format,Nc1c2c(nc3c1CCC3)CCCC2,,,CHEMBL5365551,ACS Med Chem Lett,2023.0,"{'bei': '17.15', 'le': '0.32', 'lle': '1.20', 'sei': '8.30'}",CHEMBL130880,IPIDACRINE,CHEMBL130880,3.23,0,http://www.openphacts.org/units/Nanomolar,3996179,=,1,1,=,,IC50,nM,,590000.0,CHEMBL3085621,Homo sapiens,Nucleosome-remodeling factor subunit BPTF,9606,,,IC50,uM,UO_0000065,,590.0
"{'action_type': 'INHIBITOR', 'description': 'Negatively effects (inhibits) the normal functioning of the protein e.g., prevention of enzymatic reaction or activation of downstream pathway', 'parent_type': 'NEGATIVE MODULATOR'}",,25649973,"[{'comments': None, 'relation': '=', 'result_flag': 0, 'standard_relation': '=', 'standard_text_value': None, 'standard_type': 'TIME', 'standard_units': 'hr', 'standard_value': '1.0', 'text_value': None, 'type': 'TIME', 'units': 'hrs', 'value': '1.0'}]",CHEMBL5370484,Inhibition of biotinylated-H3K4me2 binding to N-terminal His9 tagged human BPTF isoform 2 PHD (2722 to 2781 residues) expressed in Escherichia coli BL21 Star (DE3) measured after 1 hr by Alphascreen assay,B,,,BAO_0000190,BAO_0000019,assay format,N#Cc1c(N)sc2c1CCCC2,,,CHEMBL5365551,ACS Med Chem Lett,2023.0,"{'bei': '21.80', 'le': '0.44', 'lle': '1.81', 'sei': '7.80'}",CHEMBL1632047,,CHEMBL1632047,3.89,0,http://www.openphacts.org/units/Nanomolar,3996180,=,1,1,=,,IC50,nM,,130000.0,CHEMBL3085621,Homo sapiens,Nucleosome-remodeling factor subunit BPTF,9606,,,IC50,uM,UO_0000065,,130.0
"{'action_type': 'INHIBITOR', 'description': 'Negatively effects (inhibits) the normal functioning of the protein e.g., prevention of enzymatic reaction or activation of downstream pathway', 'parent_type': 'NEGATIVE MODULATOR'}",,25649974,"[{'comments': None, 'relation': '=', 'result_flag': 0, 'standard_relation': '=', 'standard_text_value': None, 'standard_type': 'TIME', 'standard_units': 'hr', 'standard_value': '1.0', 'text_value': None, 'type': 'TIME', 'units': 'hrs', 'value': '1.0'}]",CHEMBL5370484,Inhibition of biotinylated-H3K4me2 binding to N-terminal His9 tagged human BPTF isoform 2 PHD (2722 to 2781 residues) expressed in Escherichia coli BL21 Star (DE3) measured after 1 hr by Alphascreen assay,B,,,BAO_0000190,BAO_0000019,assay format,O=C(CC12CC3CC(CC(C3)C1)C2)N1CCCC1,,,CHEMBL5365551,ACS Med Chem Lett,2023.0,"{'bei': '13.34', 'le': '0.25', 'lle': '0.08', 'sei': '16.25'}",CHEMBL1444734,,CHEMBL1444734,3.30,0,http://www.openphacts.org/units/Nanomolar,3996185,=,1,1,=,,IC50,nM,,500000.0,CHEMBL3085621,Homo sapiens,Nucleosome-remodeling factor subunit BPTF,9606,,,IC50,uM,UO_0000065,,500.0
"{'action_type': 'INHIBITOR', 'description': 'Negatively effects (inhibits) the normal functioning of the protein e.g., prevention of enzymatic reaction or activation of downstream pathway', 'parent_type': 'NEGATIVE MODULATOR'}",,25649975,"[{'comments': None, 'relation': '=', 'result_flag': 0, 'standard_relation': '=', 'standard_text_value': None, 'standard_type': 'TIME', 'standard_units': 'hr', 'standard_value': '1.0', 'text_value': None, 'type': 'TIME', 'units': 'hrs', 'value': '1.0'}]",CHEMBL5370484,Inhibition of biotinylated-H3K4me2 binding to N-terminal His9 tagged human BPTF isoform 2 PHD (2722 to 2781 residues) expressed in Escherichia coli BL21 Star (DE3) measured after 1 hr by Alphascreen assay,B,,,BAO_0000190,BAO_0000019,assay format,c1ccc(N2CC3CNCC3C2)cc1,Outside typical range,"Values for this activity type are unusually large/small, so may not be accurate",CHEMBL5365551,ACS Med Chem Lett,2023.0,,CHEMBL5418058,,CHEMBL5418058,,0,http://www.openphacts.org/units/Nanomolar,3996187,=,1,1,=,,IC50,nM,,150000.0,CHEMBL3085621,Homo sapiens,Nucleosome-remodeling factor subunit BPTF,9606,,,IC50,uM,UO_0000065,,150.0
"{'action_type': 'INHIBITOR', 'description': 'Negatively effects (inhibits) the normal functioning of the protein e.g., prevention of enzymatic reaction or activation of downstream pathway', 'parent_type': 'NEGATIVE MODULATOR'}",,25649976,"[{'comments': None, 'relation': '=', 'result_flag': 0, 'standard_relation': '=', 'standard_text_value': None, 'standard_type': 'TIME', 'standard_units': 'hr', 'standard_value': '1.0', 'text_value': None, 'type': 'TIME', 'units': 'hrs', 'value': '1.0'}]",CHEMBL5370484,Inhibition of biotinylated-H3K4me2 binding to N-terminal His9 tagged human BPTF isoform 2 PHD (2722 to 2781 residues) expressed in Escherichia coli BL21 Star (DE3) measured after 1 hr by Alphascreen assay,B,,,BAO_0000190,BAO_0000019,assay format,CC(=O)N1CCN(c2ccc(Nc3ccc(C)cc3)nn2)CC1,Outside typical range,"Values for this activity type are unusually large/small, so may not be accurate",CHEMBL5365551,ACS Med Chem Lett,2023.0,,CHEMBL5432787,,CHEMBL5432787,,0,http://www.openphacts.org/units/Nanomolar,3996188,=,1,1,=,,IC50,nM,,1200000.0,CHEMBL3085621,Homo sapiens,Nucleosome-remodeling factor subunit BPTF,9606,,,IC50,uM,UO_0000065,,1200.0
"{'action_type': 'INHIBITOR', 'description': 'Negatively effects (inhibits) the normal functioning of the protein e.g., prevention of enzymatic reaction or activation of downstream pathway', 'parent_type': 'NEGATIVE MODULATOR'}",,25649977,"[{'comments': None, 'relation': '=', 'result_flag': 0, 'standard_relation': '=', 'standard_text_value': None, 'standard_type': 'TIME', 'standard_units': 'hr', 'standard_value': '1.0', 'text_value': None, 'type': 'TIME', 'units': 'hrs', 'value': '1.0'}]",CHEMBL5370484,Inhibition of biotinylated-H3K4me2 binding to N-terminal His9 tagged human BPTF isoform 2 PHD (2722 to 2781 residues) expressed in Escherichia coli BL21 Star (DE3) measured after 1 hr by Alphascreen assay,B,,,BAO_0000190,BAO_0000019,assay format,N#Cc1c(N)sc2c1CCCCC2,,,CHEMBL5365551,ACS Med Chem Lett,2023.0,"{'bei': '21.85', 'le': '0.44', 'lle': '1.73', 'sei': '8.43'}",CHEMBL1632046,,CHEMBL1632046,4.20,0,http://www.openphacts.org/units/Nanomolar,3996190,=,1,1,=,,IC50,nM,,63000.0,CHEMBL3085621,Homo sapiens,Nucleosome-remodeling factor subunit BPTF,9606,,,IC50,uM,UO_0000065,,63.0
"{'action_type': 'INHIBITOR', 'description': 'Negatively effects (inhibits) the normal functioning of the protein e.g., prevention of enzymatic reaction or activation of downstream pathway', 'parent_type': 'NEGATIVE MODULATOR'}",,25649978,"[{'comments': None, 'relation': '=', 'result_flag': 0, 'standard_relation': '=', 'standard_text_value': None, 'standard_type': 'TIME', 'standard_units': 'hr', 'standard_value': '1.0', 'text_value': None, 'type': 'TIME', 'units': 'hrs', 'value': '1.0'}]",CHEMBL5370484,Inhibition of biotinylated-H3K4me2 binding to N-terminal His9 tagged human BPTF isoform 2 PHD (2722 to 2781 residues) expressed in Escherichia coli BL21 Star (DE3) measured after 1 hr by Alphascreen assay,B,,,BAO_0000190,BAO_0000019,assay format,NCC1CC(=O)N(c2ccc(F)c(F)c2)C1,Outside typical range,"Values for this activity type are unusually large/small, so may not be accurate",CHEMBL5365551,ACS Med Chem Lett,2023.0,,CHEMBL5394921,,CHEMBL5394921,,0,http://www.openphacts.org/units/Nanomolar,3996191,=,1,1,=,,IC50,nM,,220000.0,CHEMBL3085621,Homo sapiens,Nucleosome-remodeling factor subunit BPTF,9606,,,IC50,uM,UO_0000065,,220.0
"{'action_type': 'INHIBITOR', 'description': 'Negatively effects (inhibits) the normal functioning of the protein e.g., prevention of enzymatic reaction or activation of downstream pathway', 'parent_type': 'NEGATIVE MODULATOR'}",,25649979,"[{'comments': None, 'relation': '=', 'result_flag': 0, 'standard_relation': '=', 'standard_text_value': None, 'standard_type': 'TIME', 'standard_units': 'hr', 'standard_value': '1.0', 'text_value': None, 'type': 'TIME', 'units': 'hrs', 'value': '1.0'}]",CHEMBL5370484,Inhibition of biotinylated-H3K4me2 binding to N-terminal His9 tagged human BPTF isoform 2 PHD (2722 to 2781 residues) expressed in Escherichia coli BL21 Star (DE3) measured after 1 hr by Alphascreen assay,B,,,BAO_0000190,BAO_0000019,assay format,CC(=O)N1CCc2c(sc(N)c2C#N)C1,Outside typical range,"Values for this activity type are unusually large/small, so may not be accurate",CHEMBL5365551,ACS Med Chem Lett,2023.0,,CHEMBL5394699,,CHEMBL5394699,,0,http://www.openphacts.org/units/Nanomolar,3996194,=,1,1,=,,IC50,nM,,380000.0,CHEMBL3085621,Homo sapiens,Nucleosome-remodeling factor subunit BPTF,9606,,,IC50,uM,UO_0000065,,380.0
"{'action_type': 'INHIBITOR', 'description': 'Negatively effects (inhibits) the normal functioning of the protein e.g., prevention of enzymatic reaction or activation of downstream pathway', 'parent_type': 'NEGATIVE MODULATOR'}",,25649980,"[{'comments': None, 'relation': '=', 'result_flag': 0, 'standard_relation': '=', 'standard_text_value': None, 'standard_type': 'TIME', 'standard_units': 'hr', 'standard_value': '1.0', 'text_value': None, 'type': 'TIME', 'units': 'hrs', 'value': '1.0'}]",CHEMBL5370484,Inhibition of biotinylated-H3K4me2 binding to N-terminal His9 tagged human BPTF isoform 2 PHD (2722 to 2781 residues) expressed in Escherichia coli BL21 Star (DE3) measured after 1 hr by Alphascreen assay,B,,,BAO_0000190,BAO_0000019,assay format,Cc1ccc(Nc2ccc(N3CCNCC3)nn2)nc1,,,CHEMBL5365551,ACS Med Chem Lett,2023.0,"{'bei': '16.73', 'le': '0.31', 'lle': '3.19', 'sei': '6.86'}",CHEMBL4982613,,CHEMBL4982613,4.52,0,http://www.openphacts.org/units/Nanomolar,3996195,=,1,1,=,,IC50,nM,,30000.0,CHEMBL3085621,Homo sapiens,Nucleosome-remodeling factor subunit BPTF,9606,,,IC50,uM,UO_0000065,,30.0
"{'action_type': 'INHIBITOR', 'description': 'Negatively effects (inhibits) the normal functioning of the protein e.g., prevention of enzymatic reaction or activation of downstream pathway', 'parent_type': 'NEGATIVE MODULATOR'}",,25649981,"[{'comments': None, 'relation': '=', 'result_flag': 0, 'standard_relation': '=', 'standard_text_value': None, 'standard_type': 'TIME', 'standard_units': 'hr', 'standard_value': '1.0', 'text_value': None, 'type': 'TIME', 'units': 'hrs', 'value': '1.0'}]",CHEMBL5370484,Inhibition of biotinylated-H3K4me2 binding to N-terminal His9 tagged human BPTF isoform 2 PHD (2722 to 2781 residues) expressed in Escherichia coli BL21 Star (DE3) measured after 1 hr by Alphascreen assay,B,,,BAO_0000190,BAO_0000019,assay format,c1ccc(Nc2ccc(N3CCNCC3)nn2)nc1,,,CHEMBL5365551,ACS Med Chem Lett,2023.0,"{'bei': '18.33', 'le': '0.34', 'lle': '3.68', 'sei': '7.12'}",CHEMBL5416607,,CHEMBL5416607,4.70,0,http://www.openphacts.org/units/Nanomolar,3996196,=,1,1,=,,IC50,nM,,20000.0,CHEMBL3085621,Homo sapiens,Nucleosome-remodeling factor subunit BPTF,9606,,,IC50,uM,UO_0000065,,20.0
"{'action_type': 'INHIBITOR', 'description': 'Negatively effects (inhibits) the normal functioning of the protein e.g., prevention of enzymatic reaction or activation of downstream pathway', 'parent_type': 'NEGATIVE MODULATOR'}",,25649982,"[{'comments': None, 'relation': '=', 'result_flag': 0, 'standard_relation': '=', 'standard_text_value': None, 'standard_type': 'TIME', 'standard_units': 'hr', 'standard_value': '1.0', 'text_value': None, 'type': 'TIME', 'units': 'hrs', 'value': '1.0'}]",CHEMBL5370484,Inhibition of biotinylated-H3K4me2 binding to N-terminal His9 tagged human BPTF isoform 2 PHD (2722 to 2781 residues) expressed in Escherichia coli BL21 Star (DE3) measured after 1 hr by Alphascreen assay,B,,,BAO_0000190,BAO_0000019,assay format,Fc1ccc(Nc2ccc(N3CCNCC3)nn2)cc1,,,CHEMBL5365551,ACS Med Chem Lett,2023.0,"{'bei': '16.84', 'le': '0.31', 'lle': '2.83', 'sei': '8.67'}",CHEMBL5432936,,CHEMBL5432936,4.60,0,http://www.openphacts.org/units/Nanomolar,3996197,=,1,1,=,,IC50,nM,,25000.0,CHEMBL3085621,Homo sapiens,Nucleosome-remodeling factor subunit BPTF,9606,,,IC50,uM,UO_0000065,,25.0
,,25755772,"[{'comments': None, 'relation': None, 'result_flag': 0, 'standard_relation': None, 'standard_text_value': 'https://pubs.rsc.org/en/content/articlelanding/2020/OB/D0OB00506A', 'standard_type': 'Affinity Biochemical Source Knowledge', 'standard_units': None, 'standard_value': None, 'text_value': 'https://pubs.rsc.org/en/content/articlelanding/2020/OB/D0OB00506A', 'type': 'Affinity Biochemical Source Knowledge', 'units': None, 'value': None}]",CHEMBL5446185,Affinity Biochemical interaction: (AlphaScreen assay) EUB0000233b BPTF,B,,,BAO_0000190,BAO_0000357,single protein format,CN(C)CCCOc1ccc(-c2cc(NCCCn3cccn3)nc(S(C)(=O)=O)n2)cc1,,,CHEMBL5446079,,2024.0,"{'bei': '9.85', 'le': '0.19', 'lle': '1.94', 'sei': '4.42'}",CHEMBL4461619,,CHEMBL4461619,4.52,0,http://www.openphacts.org/units/Nanomolar,4018451,=,65,1,=,,IC50,nM,,30350.0,CHEMBL3085621,Homo sapiens,Nucleosome-remodeling factor subunit BPTF,9606,,,IC50,nM,UO_0000065,,30350.0
,,25788202,"[{'comments': None, 'relation': None, 'result_flag': 0, 'standard_relation': None, 'standard_text_value': 'In-vitro potency', 'standard_type': 'Selectivity Remarks', 'standard_units': None, 'standard_value': None, 'text_value': 'In-vitro potency', 'type': 'Selectivity Remarks', 'units': None, 'value': None}, {'comments': None, 'relation': None, 'result_flag': 0, 'standard_relation': None, 'standard_text_value': 'https://pubs.acs.org/doi/pdf/10.1021/acs.jmedchem.6b01583', 'standard_type': 'Source Knowledge', 'standard_units': None, 'standard_value': None, 'text_value': 'https://pubs.acs.org/doi/pdf/10.1021/acs.jmedchem.6b01583', 'type': 'Source Knowledge', 'units': None, 'value': None}]",CHEMBL5476730,Selectivity interaction (AlphaScreen) EUB0001074a BPTF,B,,,BAO_0000190,BAO_0000357,single protein format,CCc1cc2cc(NS(=O)(=O)c3ccc(C#N)cc3)ccc2n(CC)c1=O,Outside typical range,"Values for this activity type are unusually large/small, so may not be accurate",CHEMBL5465560,,2024.0,,CHEMBL4059509,,CHEMBL4059509,,0,http://www.openphacts.org/units/Nanomolar,4018667,>,65,1,>,,IC50,nM,,200000.0,CHEMBL3085621,Homo sapiens,Nucleosome-remodeling factor subunit BPTF,9606,,,IC50,uM,UO_0000065,,200.0
